2001.0,0.01,0.352,-0.26315624999999954,-1.0,5.0,0.4,5.89946127958166,369.56427794408785,-68.0133943092359,135.0579100911733,64.92404240335692,0.3507430810019434,1284.714195010598,44.59027042909512,199.9264534070371,1.0,-0.7
2001.0,0.01,0.352,-0.26799999999999985,-1.0,5.0,0.4,5.159792950488065,367.7050506488441,-68.38121717928075,134.98481523181724,64.94215199141182,0.3503815864237404,1303.6301543752143,44.6013082233763,199.9264534070371,1.0,-0.686
2001.0,0.01,0.352,-0.2745625,-1.0,5.0,0.4,4.26414587624658,365.9297546592578,-68.92180505560498,134.77528117399422,65.15555427967729,0.3482575394465222,1324.5411374726614,44.659083793167085,199.9264534070371,1.0,-0.672
2001.0,0.01,0.352,-0.2817499999999999,-1.0,5.0,0.4,3.3272210048389477,364.32519785991036,-69.53781856714312,134.5322471599656,65.39718617934335,0.34583418734076565,1344.1484855300755,44.70603602164823,199.9264534070371,1.0,-0.658
2001.0,0.01,0.352,-0.2870624999999999,-1.0,5.0,0.4,2.5568552069400265,362.68570917069337,-69.98028662719865,134.39073959284593,65.57431671762326,0.3441774737501332,1363.5453415952304,44.74433219741228,199.9264534070371,1.0,-0.644
2001.0,0.01,0.352,-0.2940937499999993,-1.0,5.0,0.4,1.4677532570133254,360.1062876297171,-70.55350426893008,134.36746506862042,65.57407057084804,0.34410070171471346,1390.7139899615881,44.737951807964606,199.9264534070371,1.0,-0.63
2001.0,0.01,0.352,-0.3012812499999997,-1.0,5.0,0.4,0.23294536797465693,356.8093393027928,-71.12892249258391,134.64198487944958,65.32698921308511,0.34665964363598184,1424.0473404415743,44.74108606593967,199.9264534070371,1.0,-0.616
2001.0,0.01,0.352,-0.307375,-1.0,5.0,0.4,-0.730050091750674,354.54957339072655,-71.63996476989598,134.7030562606476,65.26453775548246,0.34727815608980955,1447.9302623669353,44.72740644893549,199.9264534070371,1.0,-0.602
2001.0,0.01,0.352,-0.3156562499999999,-1.0,5.0,0.4,-2.084132465081055,351.24354231280864,-72.33284092764278,135.01699513305198,64.95174550789446,0.350408378310092,1481.36537876508,44.711210207855984,199.9264534070371,1.0,-0.588
2001.0,0.01,0.352,-0.32393750000000043,-1.0,5.0,0.4,-3.423598539602473,348.0074930176104,-73.02509714312455,135.19082395970187,64.7354981168,0.352431843943121,1514.493609847058,44.664091387881065,199.9264534070371,1.0,-0.574
2001.0,0.01,0.352,-0.33065624999999976,-1.0,5.0,0.4,-4.697004542355986,344.3810601637825,-73.57321657511248,135.8542595195815,64.11249903119278,0.3587921082801071,1549.4284900776001,44.65428643359664,199.9264534070371,1.0,-0.56
2001.0,0.01,0.352,-0.33925000000000033,-1.0,5.0,0.4,-6.527948082620813,338.3552013151729,-74.1989883456554,137.2404795497184,62.66692334929074,0.37306184484570715,1602.4745301227902,44.635198735629714,199.9264534070371,1.0,-0.546
2001.0,0.01,0.352,-0.34862499999999974,-1.0,5.0,0.4,-8.411610565149456,332.65034427442123,-74.94167942003371,138.62443213125,61.30503182400097,0.3867527063163532,1654.5251141023418,44.66338126307804,199.9264534070371,1.0,-0.532
2001.0,0.01,0.352,-0.3562812500000001,-1.0,5.0,0.4,-10.136814806208024,326.87358707566915,-75.51153222134185,140.31833207731736,59.635148573438606,0.40352739290083417,1704.5198052313906,44.74228097555376,199.9264534070371,1.0,-0.518
2001.0,0.01,0.352,-0.36628124999999934,-1.0,5.0,0.4,-12.569638930830003,317.9361535769233,-76.15686964621466,143.13234622139737,56.7555557441018,0.4321415603529849,1777.2511942757951,44.96233475824458,199.9264534070371,1.0,-0.504
2001.0,0.01,0.352,-0.3772187499999998,-1.0,5.0,0.4,-15.620458430973201,305.6068235974574,-76.74182315046468,147.552127348145,52.363866762815974,0.47615431913593603,1872.3891177979847,45.58535869839817,199.9264534070371,1.0,-0.49
2001.0,0.01,0.352,-0.38659375000000024,-1.0,5.0,0.4,-18.4190757735525,293.76356431205375,-77.17178863596325,151.92817511923042,48.01495556804726,0.5197250519415901,1958.8802904049267,46.392508973361146,199.9264534070371,1.0,-0.476
2001.0,0.01,0.352,-0.40018749999999986,-1.0,5.0,0.4,-22.41089739968911,276.86761633718663,-77.78442066712644,158.0707927237484,41.859175495448945,0.5812706841517904,2075.4645040088667,47.80593078511443,199.9264534070371,1.0,-0.462
2001.0,0.01,0.352,-0.41596874999999983,-1.0,5.0,0.4,-26.809016426914834,259.1800929297514,-78.64503501286512,164.24842297092607,35.69008151969763,0.6429967321645337,2192.557475467292,49.493253976259766,199.9264534070371,1.0,-0.448
2001.0,0.01,0.352,-0.4300312499999999,-1.0,5.0,0.4,-30.470785389262836,245.51707477109815,-79.57420034348246,168.73020209902973,31.1805083728152,0.6880618669353551,2280.3828668343904,50.81447015241312,199.9264534070371,1.0,-0.434
2001.0,0.01,0.352,-0.4490937500000001,-1.0,5.0,0.4,-35.20065253803562,229.45869217116436,-81.09239097226849,173.73636816645856,26.214578013556874,0.7377950286523812,2383.499646453532,52.33370626675343,199.9264534070371,1.0,-0.42
2001.0,0.01,0.352,-0.46987499999999954,-1.0,5.0,0.4,-39.98970519103546,214.95293877996133,-82.98029294702772,177.8658443964891,22.039419531134556,0.7795056379143445,2475.9869094005153,53.50101543270445,199.9264534070371,1.0,-0.406
2001.0,0.01,0.352,-0.4872187500000001,-1.0,5.0,0.4,-43.84115065681985,204.51465894111587,-84.74408244504302,180.6779429826974,19.233800379070235,0.8075808255318783,2544.014554071724,54.18688451162835,199.9264534070371,1.0,-0.392
2001.0,0.01,0.352,-0.5097187499999998,-1.0,5.0,0.4,-48.69594421130545,192.62961365774007,-87.22186694285347,183.7244386766484,16.236428217869225,0.837607130862642,2623.289766682604,54.772299210258936,199.9264534070371,1.0,-0.378
2001.0,0.01,0.352,-0.5333125000000001,-1.0,5.0,0.4,-53.56959530483603,182.04082923335278,-89.97776115150658,186.23102457023714,13.74367179398202,0.8625486285710383,2695.412692394048,54.99884615371495,199.9264534070371,1.0,-0.364
2001.0,0.01,0.352,-0.5526874999999993,-1.0,5.0,0.4,-57.429529495767255,174.40820069756512,-92.31116963528028,187.879845082307,12.042258804758212,0.8795329236207536,2747.6093382587246,54.92502009071669,199.9264534070371,1.0,-0.35
2001.0,0.01,0.352,-0.57784375,-1.0,5.0,0.4,-62.333205247908424,165.71540915760352,-95.47628707942913,189.6940468051048,10.221024907464667,0.897748434196767,2809.4400610095304,54.60793470789247,199.9264534070371,1.0,-0.336
2001.0,0.01,0.352,-0.6029999999999996,-1.0,5.0,0.4,-67.14675317008674,158.03767105174455,-98.75428738043564,191.2067552220259,8.705022162731984,0.9129131925322463,2865.130507883613,54.02830307336643,199.9264534070371,1.0,-0.322
2001.0,0.01,0.352,-0.6355000000000017,-1.0,5.0,0.4,-14.52027810515876,341.7792202618751,-82.87612215753379,26.072150960773918,174.00868761533275,-0.7398340137380619,676.6202666472291,85.05798066554777,199.9264534070371,1.0,-0.308
2001.0,0.01,0.352,-0.6683124999999992,-1.0,5.0,0.4,-19.710951149095894,321.6066421507219,-84.03227957924027,19.81619659080101,180.2361897205171,-0.8023659676826301,699.7794415231125,87.07460736170164,199.9264534070371,1.0,-0.294
2001.0,0.01,0.352,-0.7020624999999998,-1.0,5.0,0.4,-26.165299859804758,301.13568063358747,-86.39243598652226,14.71586278417113,185.30852799813908,-0.8533054681654997,750.9919504216929,87.0055624011266,199.9264534070371,1.0,-0.28
2001.0,0.01,0.352,-0.7319062499999999,-1.0,5.0,0.4,-32.24153415119855,284.2555541820442,-89.09264498760739,11.208933476604818,188.83838612947662,-0.888331008750585,808.0018759655887,86.05727034943233,199.9264534070371,1.0,-0.266
2001.0,0.01,0.352,-0.7694062499999998,-1.0,5.0,0.4,-40.778854141326384,263.8704374612099,-93.55294163356837,7.809736023057948,192.1647937476893,-0.922188287972204,900.5567902355791,83.00108001834715,199.9264534070371,1.0,-0.252
2001.0,0.01,0.352,-0.8076875,-1.0,5.0,0.4,-49.7985476771121,245.00507571342905,-98.7995628197979,5.394985767373942,194.5506657282936,-0.946236447909638,1006.5672265126484,79.04096120313056,199.9264534070371,1.0,-0.238
2001.0,0.01,0.352,-0.8383125000000007,-1.0,5.0,0.4,-57.357369316404835,230.7689513376771,-103.51115958394026,4.015130002350242,195.94165018638574,-0.9599769213017335,1102.2542017384233,75.22492616227372,199.9264534070371,1.0,-0.224
2001.0,0.01,0.352,-0.8754999999999996,-1.0,5.0,0.4,-66.7668068414424,214.69572972210128,-109.70595278586265,2.8551890369726465,197.08680200576026,-0.9715197532592017,1228.625479248637,70.01415587450298,199.9264534070371,1.0,-0.21
2001.0,0.01,0.352,-0.9098750000000002,-1.0,5.0,0.4,-75.79136046864758,200.54305712927834,-115.89997189450325,2.121282357098445,197.8370214909306,-0.9788280068463195,1358.6712999277092,64.70645570281128,199.9264534070371,1.0,-0.196
2001.0,0.01,0.352,-0.9355000000000001,-1.0,5.0,0.4,-82.63251446046993,190.47162685989593,-120.72683983244912,1.726489691138473,198.19385787029506,-0.9827567905549062,1463.2157214713825,60.514943420121895,199.9264534070371,1.0,-0.182
2001.0,0.01,0.352,-0.9648750000000003,-1.0,5.0,0.4,-90.69469755990988,179.26286911869522,-126.54727138364893,1.3855343651787173,198.5626699884321,-0.9861573522417956,1593.7107163956089,55.54921593724171,199.9264534070371,1.0,-0.168
2001.0,0.01,0.352,-0.9901875000000001,-1.0,5.0,0.4,-97.9775106777293,169.51749278457893,-131.8810092346451,1.1581660532847047,198.79239665319537,-0.9884250328304334,1721.0520065593648,50.92982925353598,199.9264534070371,1.0,-0.154
2001.0,0.01,0.352,-1.0083125000000006,-1.0,5.0,0.4,-103.35953527045241,162.51570330138273,-135.86267593072895,1.0250463429890335,198.91578216727075,-0.9897528784203083,1821.5367532670834,47.49678264992914,199.9264534070371,1.0,-0.14
2001.0,0.01,0.352,-1.0276874999999999,-1.0,5.0,0.4,-109.4289911947731,154.7630272984386,-140.38159665446082,0.9040093116714476,199.04631394366777,-0.9909616598535175,1943.2300288613021,43.62164713647462,199.9264534070371,1.0,-0.126
2001.0,0.01,0.352,-1.0433125000000016,-1.0,5.0,0.4,-114.763317055869,147.9700895113768,-144.35733495814435,0.8188831450720471,199.1541095667566,-0.9918126873456673,2060.302317010733,40.20395305314243,199.9264534070371,1.0,-0.112
2001.0,0.01,0.352,-1.054250000000001,-1.0,5.0,0.4,-118.58465080332019,143.0940178466832,-147.20345437265684,0.7657903050442149,199.16553721077784,-0.9923413953935416,2150.666249810513,37.76690493710629,199.9264534070371,1.0,-0.098
2001.0,0.01,0.352,-1.0642500000000008,-1.0,5.0,0.4,-122.65565530970483,137.7374577954509,-150.20314686879502,0.7200593199074181,199.172007935195,-0.9927968910631708,2257.9421155354576,35.14267163220428,199.9264534070371,1.0,-0.084
2001.0,0.01,0.352,-1.0711250000000003,-1.0,5.0,0.4,-126.14318215523119,133.0100762783486,-152.74519741090091,0.6899679733213229,199.24183130009277,-0.9930989873355403,2360.6867797899536,32.97837542976947,199.9264534070371,1.0,-0.07
2001.0,0.01,0.352,-1.0742500000000006,-1.0,5.0,0.4,-128.41272604471735,129.68039229565767,-154.34880450384887,0.6758066155441194,199.24280880195286,-0.9932400130393054,2438.3037765058093,31.53327519546129,199.9264534070371,1.0,-0.056
2001.0,0.01,0.352,-1.0755000000000003,-1.0,5.0,0.4,-130.71190948121006,126.00614018752533,-155.91313751871513,0.6684679521448231,199.26214096549666,-0.9933136661993502,2530.1748885602456,30.1041140091537,199.9264534070371,1.0,-0.042
2001.0,0.01,0.352,-1.0745625000000003,-1.0,5.0,0.4,-132.47911986403977,122.82527908012503,-157.04417568006477,0.6695273773749403,199.28345395140408,-0.9933037062102953,2615.7965710181365,29.071906619998508,199.9264534070371,1.0,-0.028
2001.0,0.01,0.352,-1.0714375000000007,-1.0,5.0,0.4,-133.38965717368694,120.63607753030331,-157.5168726797476,0.6788542291476922,199.24445147914847,-0.9932093449065564,2679.396914651925,28.489882558447874,199.9264534070371,1.0,-0.014
2001.0,0.01,0.352,-1.0655000000000003,-1.0,5.0,0.4,-134.08541070454518,118.28037112088961,-157.7414849287231,0.6983421359650336,199.22317081048212,-0.9930142727154346,2753.1811770018007,28.086358380457384,199.9264534070371,1.0,0.0
2001.0,0.01,0.352,-1.0573750000000006,-1.0,5.0,0.4,-134.26905742949907,116.31587655029664,-157.5322327395584,0.7269497263570799,199.17831595407645,-0.9927274555724697,2820.683131805061,27.996935561646172,199.9264534070371,1.0,0.014
2001.0,0.01,0.352,-1.0489375000000007,-1.0,5.0,0.4,-134.0816068601568,115.00412232236386,-157.08243132462957,0.7582754126788646,199.19092846068125,-0.9924156974611776,2870.700268284233,28.157023629727533,199.9264534070371,1.0,0.028
2001.0,0.01,0.352,-1.0367500000000003,-1.0,5.0,0.4,-133.3776704721022,113.70826839899068,-156.11932415190034,0.8065395201745486,199.1281614989761,-0.991932333021261,2926.545744841381,28.58211664026671,199.9264534070371,1.0,0.042
2001.0,0.01,0.352,-1.0223750000000005,-1.0,5.0,0.4,-132.20319348279725,112.76615442934545,-154.75642436866633,0.8677021708681234,199.05343211853528,-0.9913199113431205,2975.818950604419,29.25756226106998,199.9264534070371,1.0,0.056
2001.0,0.01,0.352,-1.0092500000000004,-1.0,5.0,0.4,-130.94446191106368,112.25560508470377,-153.39558292800444,0.9278849634860313,199.00013891997352,-0.9907181666181808,3010.896731400914,29.97076482712161,199.9264534070371,1.0,0.07
2001.0,0.01,0.352,-0.9920625000000003,-1.0,5.0,0.4,-129.07269241898118,111.89551657532773,-151.45179573404673,1.013689552142743,198.89792460597766,-0.9898589856185541,3048.752854102259,31.02958721707448,199.9264534070371,1.0,0.084
2001.0,0.01,0.352,-0.9730000000000004,-1.0,5.0,0.4,-126.84900742576623,111.85373692054418,-149.21975480987507,1.1185308865755266,198.82901309728092,-0.9888121327890106,3080.8450528885446,32.28229753188274,199.9264534070371,1.0,0.098
2001.0,0.01,0.352,-0.9567500000000003,-1.0,5.0,0.4,-124.7251381907631,112.09855055291017,-147.14484830134515,1.2168317391425167,198.66547090014697,-0.9878249088700181,3100.364242469744,33.36095813479942,199.9264534070371,1.0,0.112
2001.0,0.01,0.352,-0.9355000000000002,-1.0,5.0,0.4,-121.91372490742184,112.64296961973092,-144.44231883136803,1.3591827989981942,198.53866926910746,-0.9864016426238189,3120.8083656496447,34.84942284028293,199.9264534070371,1.0,0.126
2001.0,0.01,0.352,-0.9130000000000003,-1.0,5.0,0.4,-118.77389884113563,113.53372013996758,-141.48064286912916,1.5290372696993386,198.36386585646167,-0.9847018830274117,3134.8311438855008,36.43920557191848,199.9264534070371,1.0,0.14
2001.0,0.01,0.352,-0.8939375000000004,-1.0,5.0,0.4,-116.02782420147928,114.51860006230622,-138.93154421394053,1.6899806054727418,198.19906426306068,-0.9830912926277943,3141.359150369539,37.765960011048314,199.9264534070371,1.0,0.154
2001.0,0.01,0.352,-0.8698750000000003,-1.0,5.0,0.4,-112.47441865838857,116.01712925120577,-135.67784450862973,1.9198909448941874,197.99572589046576,-0.9807935121272777,3145.179021834345,39.483353089084765,199.9264534070371,1.0,0.168
2001.0,0.01,0.352,-0.8448750000000003,-1.0,5.0,0.4,-108.66401737433657,117.90927433491956,-132.24587224132048,2.194170614697026,197.73788374540243,-0.978051417914705,3142.8145194699287,41.22896958953727,199.9264534070371,1.0,0.182
2001.0,0.01,0.352,-0.8245625000000001,-1.0,5.0,0.4,-105.44556929816798,119.7104121213624,-129.38765172244047,2.446398643950821,197.44783888875781,-0.9755237021500162,3136.0000547265677,42.60254859190275,199.9264534070371,1.0,0.196
2001.0,0.01,0.352,-0.798625,-1.0,5.0,0.4,-101.29630041897046,122.32067410319294,-125.76043523960905,2.8141360685704218,197.0757251084593,-0.9718438407221446,3123.0821224641936,44.31468541282948,199.9264534070371,1.0,0.21
2001.0,0.01,0.352,-0.7723749999999997,-1.0,5.0,0.4,-97.02792978912471,125.35517263401437,-122.09896431592759,3.2499174577680376,196.67187982471413,-0.9674889078212756,3105.4376017969453,46.008403162680025,199.9264534070371,1.0,0.224
2001.0,0.01,0.352,-0.7508124999999998,-1.0,5.0,0.4,-93.45610109355567,128.16688454764505,-119.08947800308468,3.6602131527122235,196.27422745082436,-0.9633867436960116,3086.793645864896,47.307810018934035,199.9264534070371,1.0,0.238
2001.0,0.01,0.352,-0.7242499999999998,-1.0,5.0,0.4,-88.96154900613543,132.03763389150222,-115.36907578443586,4.239506621138246,195.7050821613578,-0.9575941772439622,3059.476475622978,48.8509407536687,199.9264534070371,1.0,0.252
2001.0,0.01,0.352,-0.6976875,-1.0,5.0,0.4,-84.33661932042374,136.49132226123163,-111.63488377267007,4.930337759620996,194.99440075053363,-0.9506791893079529,3026.3732109152434,50.27911293748998,199.9264534070371,1.0,0.266
2001.0,0.01,0.352,-0.6761250000000002,-1.0,5.0,0.4,-80.55639028479337,140.58889803685264,-108.67416989216389,5.598595798022052,194.35211793798695,-0.9440014956559627,2996.055417502792,51.31557042726816,199.9264534070371,1.0,0.28
2001.0,0.01,0.352,-0.6495625,-1.0,5.0,0.4,-75.78749683998778,146.21369421947907,-105.0302356838836,6.550746030053529,193.3940809694016,-0.9344758962753318,2953.5888589427445,52.45471734566128,199.9264534070371,1.0,0.294
2001.0,0.01,0.352,-0.6236250000000002,-1.0,5.0,0.4,-70.9843264428013,152.47312116293335,-101.47895067538798,7.660967243802475,192.23159791676386,-0.9233507911814812,2905.9633353710756,53.405696458803185,199.9264534070371,1.0,0.308
2001.0,0.01,0.352,-0.6030000000000001,-1.0,5.0,0.4,-67.1191972990942,158.04162489801004,-98.7275222786962,8.701723151519207,191.17755278898383,-0.9129320397517349,2864.5504909031883,54.02605160849854,199.9264534070371,1.0,0.322
2001.0,0.01,0.352,-0.577375,-1.0,5.0,0.4,-62.27186508991152,165.79800185525087,-95.4314654609617,10.237728787637284,189.68712532119596,-0.8975863360523066,2808.810181948268,54.60714202739274,199.9264534070371,1.0,0.336
2001.0,0.01,0.352,-0.5526875,-1.0,5.0,0.4,-57.450898166506505,174.36869903876104,-92.3246379742587,12.03728357859863,187.91853566471417,-0.8796029927183023,2748.3208442400314,54.95265559754935,199.9264534070371,1.0,0.35
2001.0,0.01,0.352,-0.5333125000000002,-1.0,5.0,0.4,-53.545830843126794,182.05812033161854,-89.9574549094505,13.743574539795706,186.18974336267098,-0.8625211453565335,2694.66521944981,54.97637897703038,199.9264534070371,1.0,0.364
2001.0,0.01,0.352,-0.5098749999999999,-1.0,5.0,0.4,-48.685653314010096,192.6479548063592,-87.21524427528193,16.23794188161439,183.67026435385262,-0.8375491949121889,2622.5155096685025,54.742430234051824,199.9264534070371,1.0,0.378
2001.0,0.01,0.352,-0.4870624999999998,-1.0,5.0,0.4,-43.83842810100966,204.48939927590817,-84.7363079561913,19.228902652148577,180.70790195668553,-0.8076539158237716,2544.374542450174,54.2046993871002,199.9264534070371,1.0,0.392
2001.0,0.01,0.352,-0.46987499999999993,-1.0,5.0,0.4,-40.01477091537232,214.95663291090548,-83.00609749755341,22.052702724650196,177.9146389007358,-0.7794412081924302,2476.9265898715234,53.53010208121267,199.9264534070371,1.0,0.406
2001.0,0.01,0.352,-0.44924999999999987,-1.0,5.0,0.4,-35.20336690720749,229.42528354976568,-81.08842361716063,26.201624769685843,173.7029809820698,-0.7378637945083237,2383.0986776429063,52.31849446817079,199.9264534070371,1.0,0.42
2001.0,0.01,0.352,-0.43003124999999986,-1.0,5.0,0.4,-30.49273846607901,245.5112063094214,-79.59497972796329,31.192293936106523,168.77571624160146,-0.6880333134195015,2281.256982624355,50.83899097269796,199.9264534070371,1.0,0.434
2001.0,0.01,0.352,-0.41612499999999997,-1.0,5.0,0.4,-26.83960064654407,259.09233353614394,-78.65806735377285,35.66708543716481,164.28621878472268,-0.6432530787387121,2193.3610937211643,49.51715081366291,199.9264534070371,1.0,0.448
2001.0,0.01,0.352,-0.40034374999999994,-1.0,5.0,0.4,-22.412867357833612,276.8722464573983,-77.78731664931328,41.86311308039291,158.0278986647322,-0.581149560108487,2074.9852854860965,47.79223962575522,199.9264534070371,1.0,0.462
2001.0,0.01,0.352,-0.3865937499999998,-1.0,5.0,0.4,-18.413517677895754,293.76801306304964,-77.16712029050568,48.02112952307208,151.90670948841228,-0.5196263876411533,1958.6291594686083,46.38741151443055,199.9264534070371,1.0,0.476
2001.0,0.01,0.352,-0.3770625,-1.0,5.0,0.4,-15.604420857753436,305.613277913242,-76.72707644040183,52.3747973398559,147.53498645593885,-0.47602847515850427,1872.1913088733131,45.57716496940073,199.9264534070371,1.0,0.49
2001.0,0.01,0.352,-0.3662812499999998,-1.0,5.0,0.4,-12.567638612493628,317.9453258037679,-76.1567037732472,56.7733540878856,143.1127695518966,-0.43195816302000245,1777.1658322517123,44.96148435167595,199.9264534070371,1.0,0.504
2001.0,0.01,0.352,-0.35628125000000005,-1.0,5.0,0.4,-10.139253382028272,326.84503154122945,-75.50825969027416,59.64264635171158,140.31630224852668,-0.4034683997661724,1704.8173050577113,44.75213636465875,199.9264534070371,1.0,0.518
2001.0,0.01,0.352,-0.3484687499999997,-1.0,5.0,0.4,-8.406851891928895,332.65652533231156,-74.9381569583912,61.3253411698001,138.63580431059165,-0.3866464102272644,1654.8079543477338,44.6667127250187,199.9264534070371,1.0,0.532
2001.0,0.01,0.352,-0.3392499999999999,-1.0,5.0,0.4,-6.501650819212583,338.5371987516912,-74.20909056955082,62.78885446660904,137.14744292141052,-0.37193239834031194,1601.719235984167,44.64807972181593,199.9264534070371,1.0,0.546
2001.0,0.01,0.352,-0.33065625000000004,-1.0,5.0,0.4,-4.704635790743744,344.3368768455184,-73.57201115984742,64.1164273811834,135.83871588173827,-0.3587151768151041,1549.55850919995,44.644646664981245,199.9264534070371,1.0,0.56
2001.0,0.01,0.352,-0.32393750000000004,-1.0,5.0,0.4,-3.4382686763681622,347.94459221463575,-73.02718711929532,64.72429051863585,135.20624143713903,-0.3525572011332522,1514.8901444680007,44.66045746044962,199.9264534070371,1.0,0.574
2001.0,0.01,0.352,-0.31565624999999975,-1.0,5.0,0.4,-2.0838363954423063,351.21265803473455,-72.32636800238922,64.98066199841253,134.968358790406,-0.3500546251444543,1481.4090126620226,44.705256038713856,199.9264534070371,1.0,0.588
2001.0,0.01,0.352,-0.3076875,-1.0,5.0,0.4,-0.7804245306161564,354.34274811166614,-71.64897415294939,65.16952604758778,134.72768192400108,-0.3479985381964089,1448.3017864121618,44.70602030685396,199.9264534070371,1.0,0.602
2001.0,0.01,0.352,-0.3012812499999997,-1.0,5.0,0.4,0.23635173039777957,356.8143466108324,-71.12651759176869,65.37393914759497,134.58659649255097,-0.3461620251583639,1423.9716075870742,44.73908490545598,199.9264534070371,1.0,0.616
2001.0,0.01,0.352,-0.29409375000000004,-1.0,5.0,0.4,1.4665717741415962,360.1133828916281,-70.55610480418402,65.61433055181342,134.3358683164367,-0.34372597953288814,1390.767917159872,44.74022472129472,199.9264534070371,1.0,0.63
2001.0,0.01,0.352,-0.28690625000000014,-1.0,5.0,0.4,2.571749423932798,362.719475796286,-69.9721457353244,65.6428588150726,134.34092700037993,-0.3435529421486184,1363.5954866188085,44.74477354344167,199.9264534070371,1.0,0.644
2001.0,0.01,0.352,-0.2817499999999997,-1.0,5.0,0.4,3.3302237686154044,364.3390123619271,-69.53757870377001,65.44370573648877,134.48084628595643,-0.345352400210518,1343.9849090619955,44.70423485222452,199.9264534070371,1.0,0.658
2001.0,0.01,0.352,-0.27440625000000013,-1.0,5.0,0.4,4.271168281099831,365.9564432481382,-68.9201203685278,65.21281092014691,134.75846687270035,-0.34781625745137745,1324.803194487878,44.66250361599125,199.9264534070371,1.0,0.672
2001.0,0.01,0.352,-0.26815625,-1.0,5.0,0.4,5.137990285034111,367.682877409759,-68.3985851969177,64.96084375342112,134.9820459528669,-0.350245965318721,1303.8796325072692,44.60949728020259,199.9264534070371,1.0,0.686
2001.0,0.01,0.352,-0.2631562499999999,-1.0,5.0,0.4,5.906790971345733,369.58313741921387,-68.00983651249705,64.97815442836387,134.9934569622153,-0.350167883394664,1284.4700970922104,44.591760606457505,199.9264534070371,1.0,0.7
2001.0,0.01,0.352,-0.2631562499999999,1.0,5.0,0.4,5.90411510840535,369.6618816152603,-68.02826121464672,135.1042271717838,64.95934472795233,0.3506550984469047,1285.030761410449,44.628283286275575,199.99024407228615,1.0,-0.7
2001.0,0.01,0.352,-0.2679999999999999,1.0,5.0,0.4,5.137072372980484,367.70213647310146,-68.4033549216398,135.10644523314517,64.92446192924854,0.3508960692355437,1304.7429011992695,44.633447418651585,199.99024407228615,1.0,-0.686
2001.0,0.01,0.352,-0.27456250000000004,1.0,5.0,0.4,4.25616608221034,365.9725684243274,-68.93834760265514,134.8398057178362,65.16460967905307,0.3484068029174157,1325.068557311607,44.684459449599146,199.99024407228615,1.0,-0.672
2001.0,0.01,0.352,-0.28175,1.0,5.0,0.4,3.328566729902815,364.38181150038173,-69.54779557017353,134.56179576524806,65.41382602381273,0.34581889854771186,1344.2817124922456,44.72575481511648,199.99024407228615,1.0,-0.658
2001.0,0.01,0.352,-0.2870625000000001,1.0,5.0,0.4,2.555446534543849,362.68631523281374,-69.9818165120189,134.40143875117013,65.57393136119637,0.3442151548673271,1363.6612031663856,44.749150397168435,199.99024407228615,1.0,-0.644
2001.0,0.01,0.352,-0.29424999999999996,1.0,5.0,0.4,1.447943173436876,360.1432915043576,-70.58071512743464,134.42896831764858,65.57885485666382,0.3442702975800333,1391.2488472476148,44.770175928863736,199.99024407228615,1.0,-0.63
2001.0,0.01,0.352,-0.30112499999999975,1.0,5.0,0.4,0.24356920370112967,356.8524614351569,-71.12692308333025,134.6654074253968,65.35561053852817,0.3465434436083273,1424.4090326564408,44.756099043755654,199.99024407228615,1.0,-0.616
2001.0,0.01,0.352,-0.3076875,1.0,5.0,0.4,-0.7894245360059129,354.3901626688675,-71.66745706977942,134.82110571828372,65.16213557730309,0.34835338879335853,1449.073842798469,44.73998004505458,199.99024407228615,1.0,-0.602
2001.0,0.01,0.352,-0.3154999999999999,1.0,5.0,0.4,-2.077960439086814,351.2327339419101,-72.32450722746883,135.04002224812996,64.95838505140951,0.35043831151135496,1481.826676259572,44.717879317549325,199.99024407228615,1.0,-0.588
2001.0,0.01,0.352,-0.32393750000000016,1.0,5.0,0.4,-3.4479594629353327,347.992751747549,-73.04650981244512,135.30077877451464,64.7152277147995,0.3529249329981951,1515.6143200322304,44.69503559722637,199.99024407228615,1.0,-0.574
2001.0,0.01,0.352,-0.3306562500000001,1.0,5.0,0.4,-4.705499586052553,344.32057100907963,-73.56961378786848,135.87789798566985,64.07613692489518,0.359115013929898,1549.6202293241356,44.64806865651348,199.99024407228615,1.0,-0.56
2001.0,0.01,0.352,-0.33909374999999986,1.0,5.0,0.4,-6.504855048256947,338.5698168133903,-74.218818410935,137.25165712784093,62.78008603199037,0.3723201276305498,1602.6306482087903,44.67963169457712,199.99024407228615,1.0,-0.546
2001.0,0.01,0.352,-0.3484687499999998,1.0,5.0,0.4,-8.42059170153534,332.6650056233224,-74.95359282619982,138.71898158266464,61.310639072237834,0.3870037177603549,1655.6150780104024,44.69579369628046,199.99024407228615,1.0,-0.532
2001.0,0.01,0.352,-0.35628124999999977,1.0,5.0,0.4,-10.144968765152232,326.88556441942,-75.52208164903622,140.36345976270985,59.63460174732492,0.40366583882726065,1704.9554441707055,44.76235873024322,199.99024407228615,1.0,-0.518
2001.0,0.01,0.352,-0.3662812499999999,1.0,5.0,0.4,-12.58933618975915,317.9944818200471,-76.18823255376857,143.20990757863137,56.792995800871935,0.43209369913935564,1778.387359751509,45.006293619813896,199.99024407228615,1.0,-0.504
2001.0,0.01,0.352,-0.37690624999999994,1.0,5.0,0.4,-15.616416193881479,305.67255785334805,-76.7509277645511,147.63845275726953,52.40230360366664,0.4760967527323253,1873.4856571086739,45.62278223924126,199.99024407228615,1.0,-0.49
2001.0,0.01,0.352,-0.38659374999999974,1.0,5.0,0.4,-18.429173741295166,293.75481587132293,-77.18013691555976,151.96901379888118,48.01275973397584,0.5198398226577841,1959.4284413553498,46.414360491007095,199.99024407228615,1.0,-0.476
2001.0,0.01,0.352,-0.4003437499999999,1.0,5.0,0.4,-22.438498952884686,276.87089873324936,-77.81267869953456,158.10861209923092,41.869012269319036,0.5812720977918465,2076.189394952332,47.831264518620785,199.99024407228615,1.0,-0.462
2001.0,0.01,0.352,-0.41596874999999983,1.0,5.0,0.4,-26.8200255438424,259.2033364208512,-78.66069282801264,164.2825476859532,35.70449815882505,0.6429392158763891,2193.1014203765585,49.51551050801938,199.99024407228615,1.0,-0.448
2001.0,0.01,0.352,-0.42987499999999995,1.0,5.0,0.4,-30.499703434471858,245.5113509447714,-79.60197362342613,168.83912777316536,31.195931857267045,0.6881015734475947,2282.1042806068695,50.870177171837405,199.99024407228615,1.0,-0.434
2001.0,0.01,0.352,-0.44924999999999987,1.0,5.0,0.4,-35.25596200853412,229.40231050295137,-81.13642410912439,173.82680718550907,26.21224756694221,0.7379338188989586,2385.2188930110947,52.388672537605466,199.99024407228615,1.0,-0.42
2001.0,0.01,0.352,-0.46987499999999993,1.0,5.0,0.4,-40.028765763951384,214.93568381948984,-83.01590252784935,177.94774678070405,22.04823076855701,0.7795175371388052,2477.4606074301705,53.548656242188734,199.99024407228615,1.0,-0.406
2001.0,0.01,0.352,-0.48737499999999995,1.0,5.0,0.4,-43.90158017506643,204.40564982646123,-84.78271014035867,180.76905018159127,19.213895599180567,0.8078483963283505,2545.7519281779446,54.244637190226,199.99024407228615,1.0,-0.392
2001.0,0.01,0.352,-0.509875,1.0,5.0,0.4,-48.72181651750933,192.61753065300843,-87.24532264811103,183.73877258184993,16.237951280790657,0.8376047752003608,2623.7423211295236,54.781895647068026,199.99024407228615,1.0,-0.378
2001.0,0.01,0.352,-0.5333125000000002,1.0,5.0,0.4,-53.57109528214182,182.03489784355727,-89.97807485085328,186.235035068919,13.742309164050583,0.8625640762101113,2695.4788519412878,55.00248761113789,199.99024407228615,1.0,-0.364
2001.0,0.01,0.352,-0.5526875,1.0,5.0,0.4,-57.479019584147316,174.3810535511247,-92.35523029437226,187.95911727808036,12.047162868932773,0.8795345861339919,2749.1107935446494,54.969385675701496,199.99024407228615,1.0,-0.35
2001.0,0.01,0.352,-0.577375,1.0,5.0,0.4,-62.33438560677308,165.74435421053784,-95.48325644888065,189.7865662332868,10.236227161193508,0.8976514996517593,2810.6385452145964,54.66508757049737,199.99024407228615,1.0,-0.336
2001.0,0.01,0.352,-0.6026875,1.0,5.0,0.4,-67.15936768668165,158.04514773242715,-98.76839723316708,191.28625465714862,8.713956019102405,0.9128623629335796,2866.267209982287,54.08025517489965,199.99024407228615,1.0,-0.322
2001.0,0.01,0.352,-0.6236250000000002,1.0,5.0,0.4,-71.0215528147565,152.44513422254784,-101.51057965926607,192.28460412205976,7.660258463008966,0.9233779295830526,2906.9598822232133,53.43483024960091,199.99024407228615,1.0,-0.308
2001.0,0.01,0.352,-0.6495625,1.0,5.0,0.4,-75.82795245257239,146.18487541147638,-105.06492753486766,193.44877325869095,6.5501336719129535,0.9344997370037985,2954.6226063184113,52.48408845654535,199.99024407228615,1.0,-0.294
2001.0,0.01,0.352,-0.6758125000000001,1.0,5.0,0.4,-80.56750958221963,140.59930514294342,-108.68737061080832,194.41207957020143,5.605192790188105,0.9439541660156232,2996.8810519883386,51.344198703378616,199.99024407228615,1.0,-0.28
2001.0,0.01,0.352,-0.6976875,1.0,5.0,0.4,-84.38911278968489,136.4572676069239,-111.68056631106967,195.05959306992577,4.929864752242393,0.9506998786647696,3027.610723279839,50.31235638915591,199.99024407228615,1.0,-0.266
2001.0,0.01,0.352,-0.7242499999999998,1.0,5.0,0.4,-88.9904127352482,132.0577957062922,-115.40197187650665,195.7451228192835,4.247960376954769,0.9575199178138165,3060.1786856674585,48.876286280863255,199.99024407228615,1.0,-0.252
2001.0,0.01,0.352,-0.7508124999999997,1.0,5.0,0.4,-93.51564243152444,128.13221675465007,-119.14208578245446,196.3424634359618,3.659933703389327,0.9634019760232506,3088.0796636896857,47.33991315507619,199.99024407228615,1.0,-0.238
2001.0,0.01,0.352,-0.7720624999999998,1.0,5.0,0.4,-97.05559411756118,125.35019745911204,-122.12563360938358,196.7430834276568,3.253990539412979,0.9674604115972478,3106.493042357683,46.04070546152286,199.99024407228615,1.0,-0.224
2001.0,0.01,0.352,-0.798625,1.0,5.0,0.4,-101.36264198515043,122.2842415715542,-125.81949029946128,197.1477536917747,2.813846508032603,0.9718568353707068,3124.4303636060895,44.346989653003575,199.99024407228615,1.0,-0.21
2001.0,0.01,0.352,-0.8242499999999999,1.0,5.0,0.4,-105.48055005775097,119.70014679457213,-129.4205794166654,197.52251811291353,2.4495961552795653,0.9755012523685792,3137.1122827616127,42.63417671050161,199.99024407228615,1.0,-0.196
2001.0,0.01,0.352,-0.8448750000000005,1.0,5.0,0.4,-108.72416928037104,117.8780672518076,-132.29978273073257,197.798333715017,2.1936061976748342,0.9780636313453102,3143.8894900916057,41.25019750515652,199.99024407228615,1.0,-0.182
2001.0,0.01,0.352,-0.8698750000000003,1.0,5.0,0.4,-112.55662692299931,115.97612424829767,-135.75185177265885,198.07883972387452,1.9196785524791335,0.9808035939675499,3146.6952697538577,39.51690094138363,199.99024407228615,1.0,-0.168
2001.0,0.01,0.352,-0.8942500000000003,1.0,5.0,0.4,-116.14272564549987,114.45842211143089,-139.03441006778604,198.27940784014052,1.6877352563678076,0.9831203493596133,3143.1163336157,37.80166864968888,199.99024407228615,1.0,-0.154
2001.0,0.01,0.352,-0.9130000000000003,1.0,5.0,0.4,-118.87069820537175,113.48773175912942,-141.56824455719763,198.45844927825362,1.528857625280244,0.9847108973300899,3136.5170935183382,36.47483971787301,199.99024407228615,1.0,-0.14
2001.0,0.01,0.352,-0.9355000000000002,1.0,5.0,0.4,-122.02010367659146,112.59355250926326,-144.5388141784441,198.64105615729022,1.3590166893650928,0.9864102499473644,3122.606095879022,34.88659301559348,199.99024407228615,1.0,-0.126
2001.0,0.01,0.352,-0.9567500000000004,1.0,5.0,0.4,-124.83130949223488,112.05015794976103,-147.2413410821871,198.76643985648403,1.2166760596244597,0.9878325991364622,3102.107386836754,33.39631283907253,199.99024407228615,1.0,-0.112
2001.0,0.01,0.352,-0.9730000000000004,1.0,5.0,0.4,-126.85240123192871,111.85201009534806,-149.2228032509983,198.83234701718396,1.1183722919277068,0.9888138921578543,3080.905655737686,32.28353387000055,199.99024407228615,1.0,-0.098
2001.0,0.01,0.352,-0.99175,1.0,5.0,0.4,-129.11436033276158,111.87780017770037,-151.48992036830165,198.97008636181494,1.0150523751625777,0.989849080213537,3049.745679584825,31.054358553617767,199.99024407228615,1.0,-0.084
2001.0,0.01,0.352,-1.0098750000000007,1.0,5.0,0.4,-131.04572745074194,112.21037544269659,-153.48780253928126,199.02894658380507,0.9249702602760039,0.9907485157721356,3011.782153175227,29.978109694928044,199.99024407228615,1.0,-0.07
2001.0,0.01,0.352,-1.0223750000000003,1.0,5.0,0.4,-132.24672900037004,112.74707353180852,-154.79614370673175,199.09404649108131,0.867557008700912,0.9913231137931233,2976.469763550141,29.27030855378364,199.99024407228615,1.0,-0.056
2001.0,0.01,0.352,-1.0367500000000003,1.0,5.0,0.4,-133.41930787168417,113.68925460960064,-156.1571587936043,199.1667606185187,0.8063139635184852,0.9919361299294409,2927.1611037914427,28.593863036838158,199.99024407228615,1.0,-0.042
2001.0,0.01,0.352,-1.0492500000000005,1.0,5.0,0.4,-134.12628197923337,114.98095162022724,-157.1224723032788,199.1979652583787,0.75698122266184,0.9924288511660242,2871.1795640205296,28.15885339557224,199.99024407228615,1.0,-0.028
2001.0,0.01,0.352,-1.0570625000000007,1.0,5.0,0.4,-134.3382145580461,116.28476373671553,-157.59516730538923,199.2762507466843,0.727889785471315,0.9927216415093766,2821.9511290760315,28.027250919790415,199.99024407228615,1.0,-0.014
2001.0,0.01,0.352,-1.0655000000000003,1.0,5.0,0.4,-134.17857747614022,118.23917745865168,-157.82641296787057,199.31145203106888,0.6981719295429949,0.9930190405754409,2754.4748872882024,28.112652942886644,199.99024407228615,1.0,0.0
2001.0,0.01,0.352,-1.0714375000000005,1.0,5.0,0.4,-133.46171414875604,120.59511694306829,-157.5807375373697,199.30796211718652,0.6785971636886948,0.9932140486479625,2680.6105068463776,28.506580616361465,199.99024407228615,1.0,0.014
2001.0,0.01,0.352,-1.0745625,1.0,5.0,0.4,-132.53706415478484,122.78514618718651,-157.09409339222213,199.33001575177258,0.6692400919271506,0.9933081098869512,2616.933505667351,29.08093323954439,199.99024407228615,1.0,0.028
2001.0,0.01,0.352,-1.0758124999999998,1.0,5.0,0.4,-130.7742037744119,125.98004411397847,-155.9702125972076,199.29057881918214,0.6671719043896835,0.9933275124239908,2530.697446334767,30.112597087180074,199.99024407228615,1.0,0.042
2001.0,0.01,0.352,-1.0745625000000005,1.0,5.0,0.4,-128.517712950416,129.63522337791085,-154.4447576259982,199.31594111260688,0.6744718051712013,0.9932557554989409,2439.3604165746247,31.556168181538812,199.99024407228615,1.0,0.056
2001.0,0.01,0.352,-1.071125,1.0,5.0,0.4,-126.19304954790242,132.9761222796972,-152.78827400384185,199.28521488764284,0.6894916707818738,0.9931051876550044,2361.5478823107455,32.98575127652226,199.99024407228615,1.0,0.07
2001.0,0.01,0.352,-1.0642500000000004,1.0,5.0,0.4,-122.73726105213281,137.70127521171358,-150.27751609447552,199.26174961962042,0.7195361029727316,0.9928052751699027,2258.9388249778676,35.172889549671275,199.99024407228615,1.0,0.084
2001.0,0.01,0.352,-1.054250000000001,1.0,5.0,0.4,-118.64956788626125,143.06569007487306,-147.26270590123588,199.24070211401283,0.7650522621503036,0.9923515310757962,2151.438882436756,37.79360803869198,199.99024407228615,1.0,0.098
2001.0,0.01,0.352,-1.043625000000001,1.0,5.0,0.4,-114.81017240822386,147.95075257954448,-144.40032292413275,199.17406974421286,0.8166113225741972,0.9918359915325642,2060.5649175297804,40.21466565214778,199.99024407228615,1.0,0.112
2001.0,0.01,0.352,-1.0280000000000005,1.0,5.0,0.4,-109.46190044887538,154.75347258460232,-140.41259496579585,199.05629680240082,0.9010493667605304,0.9909913591893855,1943.2579707537413,43.63403912482352,199.99024407228615,1.0,0.126
2001.0,0.01,0.352,-1.0086249999999999,1.0,5.0,0.4,-103.44027444810148,162.48055679966546,-135.93638580803457,198.98532466658173,1.0211415271585782,0.9897949171270392,1822.1923832991097,47.52916230400478,199.99024407228615,1.0,0.14
2001.0,0.01,0.352,-0.9905000000000002,1.0,5.0,0.4,-98.0282655685809,169.47590005044793,-131.9234455786705,198.81175133215459,1.1523408625844567,0.9884834853033636,1721.5429787229687,50.933660383400074,199.99024407228615,1.0,0.154
2001.0,0.01,0.352,-0.9648750000000005,1.0,5.0,0.4,-90.70439989280182,179.2644544320692,-126.55729077921566,198.5928542290427,1.3790033074292212,0.986223304216346,1593.7642134377106,55.567888268403124,199.99024407228615,1.0,0.168
2001.0,0.01,0.352,-0.9358125000000002,1.0,5.0,0.4,-82.68529728613743,190.4953983957705,-120.78437696529153,198.29241333626186,1.7145545952812378,0.9828819309862497,1463.175611912283,60.59646379721669,199.99024407228615,1.0,0.182
2001.0,0.01,0.352,-0.9101875,1.0,5.0,0.4,-75.849437596461,200.5279188154142,-115.95502135954385,197.920579768503,2.101519983462178,0.9790296008954958,1358.9854667589782,64.75636502904129,199.99024407228615,1.0,0.196
2001.0,0.01,0.352,-0.876125,1.0,5.0,0.4,-66.85421864401312,214.59140420250694,-109.7724994845145,197.1527150731659,2.8134215786868264,0.9719359593534325,1229.3369666588883,70.03973910740288,199.99024407228615,1.0,0.21
2001.0,0.01,0.352,-0.8384687500000003,1.0,5.0,0.4,-57.38205181439438,230.7966699788926,-103.5413858101729,196.05755781445487,3.9614577670147737,0.9605184718855315,1102.2638260298493,75.28509650887568,199.99024407228615,1.0,0.224
2001.0,0.01,0.352,-0.8073750000000002,1.0,5.0,0.4,-49.73414942836743,245.20106194539903,-98.77436181744724,194.70809857093585,5.332613548706261,0.946876097127472,1005.6444734196061,79.16750382209203,199.99024407228615,1.0,0.238
2001.0,0.01,0.352,-0.7695625000000001,1.0,5.0,0.4,-40.7896114514263,263.9017009891695,-93.5699516492602,192.31546151286827,7.688179134693653,0.923401212501963,900.4553243806948,83.04112137002173,199.99024407228615,1.0,0.252
2001.0,0.01,0.352,-0.7322187499999993,1.0,5.0,0.4,-32.2547125880605,284.2826759425451,-89.11124777656951,189.0182986746139,11.038817147194775,0.8900209808791832,807.7622618785623,86.10030262702334,199.99024407228615,1.0,0.266
2001.0,0.01,0.352,-0.7025312499999994,1.0,5.0,0.4,-26.26219779426315,300.92572655203793,-86.44734310467074,185.66810616308658,14.46296408602358,0.85589448036283,751.8795226189438,87.09756860101479,199.99024407228615,1.0,0.28
2001.0,0.01,0.352,-0.668,1.0,5.0,0.4,-19.631849538900013,321.9092581688028,-84.01370117266057,180.42381603178572,19.6586529006321,0.8039554733786164,698.9419880813336,87.11767880238007,199.99024407228615,1.0,0.294
2001.0,0.01,0.352,-0.6353437500000005,1.0,5.0,0.4,-14.503870654851243,341.88840368748475,-82.88155139234819,174.28068452951527,25.862197571117957,0.7419994839719198,676.6100033477164,85.09793779374148,199.99024407228615,1.0,0.308
2001.0,0.01,0.352,-0.6028437499999996,1.0,5.0,0.4,-67.18337425780385,158.0305006641359,-98.78947439063103,8.713376925716624,191.2838183699883,-0.9128668382517384,2866.43505956075,54.06831759251832,199.99024407228615,1.0,0.322
2001.0,0.01,0.352,-0.5773749999999995,1.0,5.0,0.4,-62.343267145919214,165.7459373378048,-95.49245461348018,10.239255829393848,189.78894287980108,-0.8976239803937741,2810.769252329969,54.656583928360945,199.99024407228615,1.0,0.336
2001.0,0.01,0.352,-0.5526874999999997,1.0,5.0,0.4,-57.495654796368726,174.35723023765635,-92.3671008439,12.045450394477935,187.98621605702166,-0.8795669904600072,2749.6256876630523,54.98653256152313,199.99024407228615,1.0,0.35
2001.0,0.01,0.352,-0.5334687500000002,1.0,5.0,0.4,-53.57399282310839,181.99607601352258,-89.97320802581291,13.729922682034962,186.2128178575703,-0.8626641798130767,2695.2381839901705,54.996100185098484,199.99024407228615,1.0,0.364
2001.0,0.01,0.352,-0.5097187499999998,1.0,5.0,0.4,-48.73648929317078,192.61383851367836,-87.25925699590644,16.24553423619757,183.79460863126397,-0.8375804327596598,2624.6125961508574,54.8114985508271,199.99024407228615,1.0,0.378
2001.0,0.01,0.352,-0.48721874999999965,1.0,5.0,0.4,-43.8848994994436,204.47642171494394,-84.7801838424324,19.23785822748303,180.76389976035261,-0.8076268294891451,2545.5930709559343,54.238887441017404,199.99024407228615,1.0,0.392
2001.0,0.01,0.352,-0.46987499999999965,1.0,5.0,0.4,-40.03351186842692,214.92354372868266,-83.01822061416345,22.04777258966288,177.9561816894703,-0.7795308833181853,2477.6390791153235,53.55494264736709,199.99024407228615,1.0,0.406
2001.0,0.01,0.352,-0.44909375,1.0,5.0,0.4,-35.219895569447786,229.44081631593983,-81.10805883263575,26.21850758190898,173.77884596754873,-0.7378165326911972,2384.2779175805586,52.36007614681875,199.99024407228615,1.0,0.42
2001.0,0.01,0.352,-0.4298750000000002,1.0,5.0,0.4,-30.495580203123403,245.54661186325637,-79.60490257577467,31.21223877776771,168.8236480617425,-0.6879397632156115,2281.9338660219614,50.86443688417232,199.99024407228615,1.0,0.434
2001.0,0.01,0.352,-0.41612499999999975,1.0,5.0,0.4,-26.8455496508451,259.1294330761535,-78.6714362660758,35.68513275532907,164.30583371851841,-0.6431397871762818,2193.6765098339306,49.531787228270275,199.99024407228615,1.0,0.448
2001.0,0.01,0.352,-0.40018749999999986,1.0,5.0,0.4,-22.411294478228488,276.94399736822425,-77.80009395187334,41.89841380125923,158.0696609617732,-0.5809579231648286,2075.52028922693,47.81473456513701,199.99024407228615,1.0,0.462
2001.0,0.01,0.352,-0.3864374999999999,1.0,5.0,0.4,-18.42627975911052,293.7925696391604,-77.1847936869426,48.04383003691753,151.99526845760087,-0.5196666104979022,1959.906917868647,46.429533351043894,199.99024407228615,1.0,0.476
2001.0,0.01,0.352,-0.37706249999999986,1.0,5.0,0.4,-15.621425618615586,305.6219767617849,-76.74582097097256,52.3856203396572,147.5979903903386,-0.4761136757820349,1873.1165428344596,45.61004418702512,199.99024407228615,1.0,0.49
2001.0,0.01,0.352,-0.36628124999999934,1.0,5.0,0.4,-12.582450442314782,317.95127361797813,-76.17270516591041,56.77967781826052,143.17136858274333,-0.4320793589296386,1777.9664114745465,44.98918690233465,199.99024407228615,1.0,0.504
2001.0,0.01,0.352,-0.35628125000000027,1.0,5.0,0.4,-10.146497744169992,326.87279666463456,-75.5210570770969,59.653610625067586,140.34274986911436,-0.4034703590448278,1705.0761115062405,44.76144456168754,199.99024407228615,1.0,0.518
2001.0,0.01,0.352,-0.3486249999999998,1.0,5.0,0.4,-8.436240526217944,332.612151696443,-74.95867086550655,61.28941204869702,138.70461585534449,-0.3871065911623096,1655.4581590480443,44.686289915889645,199.99024407228615,1.0,0.532
2001.0,0.01,0.352,-0.33925000000000033,1.0,5.0,0.4,-6.536960723104207,338.3749959825391,-74.21195991961201,62.69791525451338,137.26452770530943,-0.37292409234463614,1603.0254967587744,44.65749409366829,199.99024407228615,1.0,0.546
2001.0,0.01,0.352,-0.33065624999999993,1.0,5.0,0.4,-4.7097678939264185,344.4122684427729,-73.59222158248102,64.1581293544417,135.88611362054087,-0.3585838943730008,1550.2099938461529,44.682270545093814,199.99024407228615,1.0,0.56
2001.0,0.01,0.352,-0.32378125000000046,1.0,5.0,0.4,-3.4256565669572883,348.0613219451064,-73.03792095597856,64.7843973572638,135.24992892888213,-0.3522921999927285,1515.3949076982672,44.69886615985422,199.99024407228615,1.0,0.574
2001.0,0.01,0.352,-0.31565625000000014,1.0,5.0,0.4,-2.093091684350018,351.22539476666464,-72.33817063768294,64.97290357242235,135.0242198606471,-0.35028856884881837,1481.8238104063857,44.72239325947908,199.99024407228615,1.0,0.588
2001.0,0.01,0.352,-0.30737500000000023,1.0,5.0,0.4,-0.7382160561207893,354.5608262363022,-71.65038130338124,65.3003784978061,134.71806523083382,-0.3470853078038249,1448.4665041766325,44.74796689171427,199.99024407228615,1.0,0.602
2001.0,0.01,0.352,-0.30128125,1.0,5.0,0.4,0.22686154107797307,356.80610261419196,-71.13435898176041,65.36002272044698,134.64168825966476,-0.34643582317781807,1424.4697703834272,44.755760437507746,199.99024407228615,1.0,0.616
2001.0,0.01,0.352,-0.2940937499999999,1.0,5.0,0.4,1.4583208955782831,360.1685542564524,-70.5753899557122,65.6307028104945,134.41322700922186,-0.3438698359493958,1391.4958576441295,44.77848149306525,199.99024407228615,1.0,0.63
2001.0,0.01,0.352,-0.28690624999999986,1.0,5.0,0.4,2.5605724453717142,362.7041500205468,-69.98025755873765,65.63429832979263,134.39072901707476,-0.34377389238067996,1364.1735334591401,44.75861246222106,199.99024407228615,1.0,0.644
2001.0,0.01,0.352,-0.2814374999999999,1.0,5.0,0.4,3.2699949261605967,363.85780897741904,-69.50156686932321,65.28680314376858,134.68571917415224,-0.3470784556383808,1347.9854014401317,44.70579561579074,199.99024407228615,1.0,0.658
2001.0,0.01,0.352,-0.2745625,1.0,5.0,0.4,4.259145325309282,366.00516627116286,-68.9418879289233,65.21847094158822,134.8055908826854,-0.34793183213377593,1325.0731180832195,44.69501543703339,199.99024407228615,1.0,0.672
2001.0,0.01,0.352,-0.2679999999999999,1.0,5.0,0.4,5.153452107298612,367.7179071052846,-68.39012931375831,64.98898799703974,134.98607702493766,-0.35006900142579084,1304.0880460348187,44.620040588061585,199.99024407228615,1.0,0.686
2001.0,0.01,0.352,-0.2633124999999994,1.0,5.0,0.4,5.881579493404391,369.5621703613565,-68.03085457886691,64.94940042027902,135.0636313857646,-0.3505900371346411,1284.9885677214188,44.61088488714537,199.99024407228615,1.0,0.7
